日期,開盤價,最高價,最低價,收盤價,成交量
2021/11/08,154.0,172.0,137.0,165.0,2215978
2021/11/09,165.5,170.0,156.5,164.0,1471126
2021/11/10,165.0,189.0,162.5,189.0,1935744
2021/11/11,188.0,215.0,182.5,209.0,2026929
2021/11/12,203.0,211.0,196.0,206.0,1286234
2021/11/15,202.5,209.5,198.0,200.0,911737
2021/11/16,201.5,220.0,200.0,220.0,1604667
2021/11/17,215.0,221.5,211.5,216.5,1016953
2021/11/18,218.0,221.5,199.0,200.5,1084947
2021/11/19,202.0,206.0,196.5,202.0,643103
2021/11/22,202.0,206.0,197.0,198.0,487624
2021/11/23,198.0,208.5,191.0,198.5,745079
2021/11/24,197.0,202.5,193.0,193.5,480234
2021/11/25,192.0,194.5,183.5,185.0,689950
2021/11/26,182.5,183.5,171.0,172.5,578197
2021/11/29,172.5,182.0,170.0,176.0,561110
2021/11/30,178.0,179.0,173.0,176.0,419344
2021/12/01,174.5,174.5,170.5,173.0,258959
2021/12/02,173.0,173.0,162.5,164.0,480461
2021/12/03,166.0,173.5,166.0,171.0,302731
2021/12/06,168.0,168.5,162.0,163.0,306658
2021/12/07,164.5,168.0,163.5,163.5,188142
2021/12/08,166.5,166.5,163.0,164.0,140576
2021/12/09,164.0,171.5,163.0,164.5,295714
2021/12/10,169.0,172.5,166.5,169.5,397488
2021/12/13,172.0,186.0,170.5,186.0,925986
2021/12/14,180.5,186.0,170.0,171.0,666862
2021/12/15,168.0,168.0,164.0,166.0,359041
2021/12/16,170.0,170.0,166.5,167.5,236279
2021/12/17,166.0,166.0,162.0,162.5,295332
2021/12/20,161.0,163.5,154.0,154.5,308075
2021/12/21,154.0,157.5,152.0,155.5,142386
2021/12/22,157.0,157.0,152.0,152.5,197356
2021/12/23,154.5,157.5,152.0,156.5,161320
2021/12/24,159.0,159.0,156.0,156.5,161839
2021/12/27,153.5,155.0,153.0,153.5,104850
2021/12/28,153.5,156.0,153.5,154.5,74209
2021/12/29,154.5,154.5,153.0,154.5,87077
2021/12/30,153.5,153.5,150.0,151.5,192513
2022/01/03,150.0,150.5,147.0,147.5,166519
2022/01/04,148.0,152.0,148.0,150.5,93489
2022/01/05,152.5,152.5,147.5,147.5,109722
2022/01/06,145.0,146.0,140.0,141.0,178281
2022/01/07,143.5,144.5,137.0,138.0,173255
2022/01/10,136.0,142.0,136.0,140.5,103336
2022/01/11,139.0,139.0,130.5,131.0,230463
2022/01/12,135.0,135.0,129.0,130.5,101936
2022/01/13,131.0,132.0,125.5,127.0,162695
2022/01/14,125.0,127.5,121.5,127.0,164690
2022/01/17,127.0,139.5,127.0,136.5,299059
2022/01/18,138.5,141.0,131.0,131.0,257636
2022/01/19,130.5,131.5,128.5,131.5,62367
2022/01/20,131.5,132.0,130.0,130.5,42368
2022/01/21,129.0,129.0,125.0,126.0,80840
2022/01/24,123.0,130.5,123.0,126.5,34039
2022/01/25,129.0,129.0,124.0,124.5,42473
2022/01/26,120.5,127.0,120.5,124.0,48394
2022/02/07,129.0,129.0,124.5,125.5,30727
2022/02/08,128.0,137.0,128.0,132.0,130586
2022/02/09,134.5,135.5,133.0,134.0,69039
2022/02/10,135.5,135.5,132.0,132.0,57408
2022/02/11,132.5,144.5,132.0,140.5,253556
2022/02/14,138.0,143.0,136.0,136.0,169398
2022/02/15,136.0,140.0,133.5,134.0,91197
2022/02/16,138.0,146.0,137.0,139.5,351250
2022/02/17,140.5,140.5,135.0,135.0,96234
2022/02/18,132.0,134.5,131.5,133.5,90718
2022/02/21,134.5,135.0,133.5,133.5,38420
2022/02/22,136.0,136.0,130.0,131.5,77381
2022/02/23,132.0,134.0,131.0,134.0,32778
2022/02/24,130.5,132.0,128.0,129.0,109082
2022/02/25,130.0,131.0,129.0,129.0,49744
2022/03/01,130.0,131.0,129.0,131.0,44237
2022/03/02,128.5,130.0,127.0,130.0,44786
2022/03/03,132.0,132.5,129.0,129.0,45093
2022/03/04,127.5,128.0,126.0,127.0,82593
2022/03/07,125.5,125.5,120.0,120.0,128548
2022/03/08,117.0,121.0,117.0,117.0,87917
2022/03/09,118.5,119.0,117.5,117.5,39075
2022/03/10,120.0,122.0,120.0,121.0,65171
2022/03/11,120.0,120.5,117.0,117.0,72222
2022/03/14,117.0,118.5,116.0,117.0,39914
2022/03/15,115.0,115.0,109.0,110.0,142155
2022/03/16,112.0,112.5,108.5,109.0,49810
2022/03/17,113.0,114.5,112.0,114.0,53981
2022/03/18,115.5,115.5,113.0,114.5,34916
2022/03/21,113.5,121.0,113.5,119.5,65661
2022/03/22,120.0,120.0,116.5,118.5,36880
2022/03/23,119.0,122.0,117.0,118.0,64197
2022/03/24,117.5,127.0,117.5,122.5,143742
2022/03/25,125.0,127.0,121.5,121.5,137795
2022/03/28,121.0,121.0,117.5,118.5,48536
2022/03/29,118.5,120.0,117.5,120.0,46405
2022/03/30,121.0,122.0,119.5,119.5,36446
2022/03/31,118.0,118.5,117.5,117.5,30299
2022/04/01,116.0,117.5,115.5,116.0,41520
2022/04/06,115.0,115.0,114.0,115.0,33247
2022/04/07,113.0,114.5,111.0,111.5,57420
2022/04/08,111.5,113.0,111.5,112.5,22306
2022/04/11,114.0,114.0,110.0,110.0,34556
2022/04/12,108.0,110.0,107.5,109.0,35924
2022/04/13,109.5,111.0,109.5,110.0,18282
2022/04/14,110.0,111.0,110.0,110.5,12820
2022/04/15,108.5,108.5,107.0,107.0,32422
2022/04/18,105.0,105.5,103.5,105.0,40011
2022/04/19,105.5,106.0,104.5,105.0,26110
2022/04/20,108.0,108.0,104.0,106.0,24292
2022/04/21,106.0,106.0,103.0,106.0,28361
2022/04/22,106.0,106.0,104.0,106.0,30390
2022/04/25,104.5,104.5,102.5,103.5,36265
2022/04/26,103.0,103.0,101.0,102.0,19556
2022/04/27,100.5,100.5,99.1,100.0,54380
2022/04/28,100.0,101.0,100.0,101.0,27490
2022/04/29,102.0,102.5,101.0,101.5,25772
2022/05/03,102.5,103.5,102.0,102.0,16057
2022/05/04,102.0,104.5,102.0,103.0,16175
2022/05/05,104.0,105.0,104.0,104.5,14094
2022/05/06,102.0,103.0,101.5,102.5,16510
2022/05/09,101.0,102.0,100.0,100.0,22450
2022/05/10,99.9,99.9,97.3,98.8,61467
2022/05/11,99.0,100.5,99.0,100.0,24670
2022/05/12,100.0,100.0,98.1,98.1,28037
2022/05/13,98.1,99.5,98.0,98.5,24409
2022/05/16,100.0,100.0,99.1,99.5,6030
2022/05/17,98.6,100.0,98.6,100.0,12976
2022/05/18,101.0,104.0,101.0,102.5,21559
2022/05/19,99.5,102.5,99.5,102.5,9259
2022/05/20,101.0,102.5,101.0,101.5,10237
2022/05/23,101.0,101.5,101.0,101.0,10030
2022/05/24,101.5,101.5,99.0,99.1,19794
2022/05/25,99.5,100.0,99.5,99.6,14153
2022/05/26,100.0,100.0,98.6,99.1,14202
2022/05/27,100.5,101.5,100.0,101.0,70334
2022/05/30,103.5,106.0,103.0,104.5,76814
2022/05/31,105.0,107.0,104.0,106.0,69321
2022/06/01,107.0,116.0,105.5,113.5,156425
2022/06/02,113.5,120.0,113.5,115.0,175660
2022/06/06,116.0,117.0,112.5,115.5,103280
2022/06/07,116.5,119.0,116.5,117.5,148520
2022/06/08,118.5,118.5,114.0,114.0,44861
2022/06/09,113.5,113.5,111.5,112.0,30875
2022/06/10,110.5,110.5,108.0,108.5,83291
2022/06/13,105.5,106.0,103.0,103.0,76993
2022/06/14,102.0,102.0,100.0,102.0,48284
2022/06/15,102.0,102.0,99.5,100.0,55396
2022/06/16,100.5,102.5,98.9,99.3,54937
2022/06/17,97.2,98.8,97.0,98.3,35980
2022/06/20,97.1,97.1,95.2,95.2,31721
2022/06/21,98.0,98.4,96.5,98.4,11130
2022/06/22,98.4,100.5,97.5,97.8,39608
2022/06/23,99.7,99.7,95.9,98.0,33406
2022/06/24,98.0,98.1,97.6,97.8,17132
2022/06/27,97.7,98.5,97.1,98.1,16238
2022/06/28,96.6,98.5,96.6,97.1,11285
2022/06/29,95.3,96.9,95.3,96.0,20150
2022/06/30,95.1,95.1,92.2,92.2,42895
2022/07/01,90.3,90.4,85.5,85.5,58094
2022/07/04,85.0,86.2,85.0,86.2,14913
2022/07/05,88.0,88.0,85.3,86.2,21220
2022/07/06,85.9,86.8,85.0,85.0,30010
2022/07/07,83.5,86.5,83.5,86.4,7012
2022/07/08,86.4,87.5,86.4,87.5,13400
2022/07/11,85.5,85.5,83.6,85.0,42960
2022/07/12,83.1,83.1,82.0,82.2,20612
2022/07/13,84.8,85.0,83.0,83.3,49694
2022/07/14,77.1,78.8,77.1,78.0,25483
2022/07/15,78.8,78.8,78.0,78.8,23500
2022/07/18,79.5,79.5,78.7,79.4,9353
2022/07/19,78.6,80.6,78.6,79.5,47042
2022/07/20,80.7,80.7,79.1,79.4,32258
2022/07/21,79.6,80.9,79.4,80.9,28733
2022/07/22,81.3,82.5,81.1,82.0,41678
2022/07/25,80.6,81.7,80.6,81.3,3214
2022/07/26,80.4,80.4,79.0,79.0,37869
2022/07/27,78.6,79.0,78.3,78.7,8140
2022/07/28,79.5,79.6,78.6,78.9,21102
2022/07/29,79.9,79.9,78.9,79.6,22210
2022/08/01,79.8,79.8,79.0,79.3,12326
2022/08/02,78.2,78.5,77.2,77.7,20708
2022/08/03,77.0,77.0,75.5,76.5,12562
2022/08/04,76.1,77.1,76.0,76.3,10066
2022/08/05,76.3,77.9,76.3,77.8,13181
2022/08/08,75.5,76.5,75.2,76.0,21203
2022/08/09,75.6,76.0,75.6,75.9,8275
2022/08/10,75.5,76.3,75.5,76.1,9320
2022/08/11,77.5,82.4,77.2,80.6,47482
2022/08/12,80.8,80.8,79.3,80.4,19828
2022/08/15,80.6,82.7,79.0,82.7,44236
2022/08/16,83.0,84.7,82.6,84.4,26271
2022/08/17,84.4,85.0,83.4,85.0,18159
2022/08/18,85.0,86.0,83.8,85.6,28757
2022/08/19,86.0,86.9,84.8,86.0,38018
2022/08/22,85.1,85.9,84.3,85.6,23110
2022/08/23,83.5,84.6,83.5,84.6,3340
2022/08/24,84.6,85.4,83.8,85.0,13405
2022/08/25,85.0,85.0,84.2,85.0,14000
2022/08/26,86.0,86.2,85.0,85.9,29525
2022/08/29,83.0,84.0,82.4,83.0,15016
2022/08/30,83.3,84.5,82.7,84.5,14000
2022/08/31,83.9,84.2,83.2,84.2,11762
2022/09/01,83.3,84.0,82.6,83.4,33454
2022/09/02,83.3,83.9,82.6,83.9,11547
2022/09/05,83.5,84.2,83.0,83.5,24320
2022/09/06,83.0,83.0,81.5,82.3,32255
2022/09/07,80.5,80.7,80.3,80.5,11306
2022/09/08,80.8,83.0,80.3,82.4,28136
2022/09/12,84.0,84.0,83.2,84.0,36541
2022/09/13,84.2,85.5,84.1,85.3,31608
2022/09/14,83.2,85.5,83.2,85.5,20400
2022/09/15,85.5,86.3,85.0,86.2,26239
2022/09/16,86.0,86.3,85.3,85.8,12203
2022/09/19,84.7,84.7,84.0,84.2,11000
2022/09/20,83.5,84.5,83.3,84.4,11080
2022/09/21,83.5,83.5,82.5,82.6,15000
2022/09/22,81.3,82.5,81.3,82.2,8025
2022/09/23,81.1,83.5,79.0,80.9,23047
2022/09/26,79.0,79.0,77.0,78.9,29916
2022/09/27,77.3,78.0,77.0,78.0,6516
2022/09/28,77.1,77.1,75.5,77.0,15627
2022/09/29,77.0,77.0,75.5,76.4,11060
2022/09/30,74.0,77.9,74.0,77.9,11090
2022/10/03,75.9,77.2,75.9,77.2,5200
2022/10/04,78.9,80.0,78.6,80.0,9440
2022/10/05,81.0,81.0,80.0,80.0,8044
2022/10/06,79.0,79.5,78.5,79.5,8200
2022/10/07,77.8,78.3,77.8,78.0,17001
2022/10/11,76.5,76.8,75.9,76.5,14026
2022/10/12,75.1,80.8,74.8,80.3,17257
2022/10/13,77.3,77.3,76.7,76.7,22150
2022/10/14,77.5,78.2,77.5,78.2,10207
2022/10/17,77.0,77.1,75.6,77.1,3523
2022/10/18,77.1,79.7,77.0,79.7,3165
2022/10/19,79.3,80.0,78.5,79.1,14101
2022/10/20,77.7,78.6,77.1,78.6,9004
2022/10/21,77.8,77.8,77.2,77.6,7050
2022/10/24,77.5,77.5,77.0,77.3,10083
2022/10/25,77.0,77.5,75.6,77.1,7168
2022/10/26,77.5,77.5,77.3,77.3,2000
2022/10/27,77.0,77.5,76.6,77.5,11000
2022/10/28,76.6,77.1,75.5,77.1,18490
2022/10/31,76.0,76.5,75.7,76.5,13000
2022/11/01,76.0,76.5,76.0,76.3,16326
2022/11/02,76.1,76.9,76.0,76.9,29007
2022/11/03,76.9,76.9,76.2,76.2,9159
2022/11/04,77.4,77.4,76.2,76.7,13123
2022/11/07,76.8,78.5,76.8,77.7,9000
2022/11/08,78.1,79.7,78.0,79.7,27017
2022/11/09,79.6,81.9,79.0,81.0,38180
2022/11/10,79.8,80.0,79.3,79.9,14056
2022/11/11,82.8,82.8,79.9,79.9,27230
2022/11/14,79.0,80.8,79.0,80.8,9120
2022/11/15,80.8,81.5,80.4,80.5,17436
2022/11/16,80.0,80.6,79.9,80.2,12020
2022/11/17,79.8,81.5,79.4,80.9,31138
2022/11/18,81.0,81.0,80.1,80.1,23000
2022/11/21,80.1,80.5,80.1,80.5,3118
2022/11/22,80.4,80.4,79.3,80.0,16060
2022/11/23,80.2,80.2,79.2,80.1,15615
2022/11/24,79.4,80.5,79.4,80.5,22456
2022/11/25,80.6,81.0,80.0,80.9,34242
2022/11/28,80.3,80.7,80.0,80.4,20008
2022/11/29,80.1,81.0,80.0,80.6,19000
2022/11/30,80.4,82.0,80.2,81.8,29030
2022/12/01,82.6,82.7,81.8,82.0,38161
2022/12/02,81.6,83.3,81.4,82.6,57442
2022/12/05,83.0,90.8,83.0,90.8,104614
2022/12/06,94.2,96.6,90.8,90.8,263697
2022/12/07,90.8,90.8,86.3,86.9,108163
2022/12/08,86.9,90.9,86.6,89.5,86140
2022/12/09,91.1,91.2,89.0,90.4,50105
2022/12/12,90.4,90.4,89.5,89.6,23130
2022/12/13,90.4,90.4,89.2,89.2,11081
2022/12/14,90.0,90.0,89.5,90.0,21080
2022/12/15,88.8,89.8,88.7,89.6,20080
2022/12/16,89.1,89.5,87.1,87.2,51182
2022/12/19,87.2,87.2,86.2,86.4,16035
2022/12/20,86.1,86.6,85.6,85.9,26596
2022/12/21,85.2,86.3,85.1,85.1,15001
2022/12/22,85.7,86.1,85.7,85.9,6087
2022/12/23,85.9,86.5,85.5,86.5,8000
2022/12/26,86.5,86.5,85.8,86.5,12207
2022/12/27,87.0,87.0,86.1,86.3,9003
2022/12/28,85.5,85.6,84.6,85.1,10016
2022/12/29,84.1,84.1,83.5,83.9,12008
2022/12/30,84.0,84.5,84.0,84.4,7057
2023/01/03,84.4,86.4,84.4,86.4,4101
2023/01/04,87.7,87.7,84.4,84.7,11103
2023/01/05,85.1,86.0,85.0,85.0,14025
2023/01/06,85.0,85.3,85.0,85.3,12223
2023/01/09,85.6,86.5,85.6,86.1,15000
2023/01/10,84.7,85.5,84.5,85.5,21255
2023/01/11,90.3,90.3,86.5,87.0,21165
2023/01/12,85.6,87.4,85.4,86.5,10104
2023/01/13,86.0,86.1,84.9,85.0,17165
2023/01/16,83.7,84.5,83.7,84.4,35400
2023/01/17,84.4,85.4,83.7,85.4,21339
2023/01/30,86.5,87.8,86.5,87.0,17439
2023/01/31,87.1,87.4,87.0,87.4,9100
2023/02/01,87.6,89.5,87.6,89.3,64359
2023/02/02,90.8,93.5,89.0,91.9,88654
2023/02/03,91.9,91.9,90.0,90.5,18171
2023/02/06,87.0,90.0,86.7,89.0,54161
2023/02/07,89.0,89.4,88.8,89.4,10440
2023/02/08,90.0,90.0,88.6,89.4,32110
2023/02/09,89.7,90.0,89.2,89.8,8245
2023/02/10,90.9,91.3,90.0,90.0,44297
2023/02/13,90.5,90.5,89.0,89.0,10138
2023/02/14,88.0,89.0,87.8,89.0,11108
2023/02/15,88.2,89.8,88.2,89.5,13000
2023/02/16,89.7,91.7,89.7,91.7,39266
2023/02/17,90.9,92.9,90.4,92.5,19300
2023/02/20,92.8,94.5,92.5,94.0,60055
2023/02/21,94.0,94.5,92.6,93.3,34436
2023/02/22,92.5,93.3,92.0,92.5,24376
2023/02/23,94.8,94.8,93.0,93.3,22198
2023/02/24,93.5,93.5,92.0,92.7,30920
2023/03/01,92.2,92.4,91.7,91.8,22696
2023/03/02,92.0,92.2,91.5,91.8,24160
2023/03/03,92.1,94.9,92.0,92.9,54539
2023/03/06,93.3,94.2,92.9,94.2,35003
2023/03/07,94.4,103.5,94.4,103.5,192371
2023/03/08,107.0,109.0,103.0,105.0,596978
2023/03/09,102.5,105.0,101.0,101.5,155691
2023/03/10,100.5,100.5,96.1,96.7,161020
2023/03/13,96.1,98.0,94.2,97.9,72676
2023/03/14,96.2,96.5,95.7,95.8,34403
2023/03/15,97.9,97.9,96.2,96.3,39220
2023/03/16,95.3,95.3,93.8,93.8,65182
2023/03/17,95.0,95.9,95.0,95.9,20308
2023/03/20,96.0,97.5,96.0,96.9,22425
2023/03/21,96.7,96.8,95.6,95.6,53635
2023/03/22,96.8,99.4,96.8,98.8,63652
2023/03/23,99.0,105.5,98.0,102.5,163407
2023/03/24,105.0,105.0,102.0,103.0,92401
2023/03/27,102.0,102.0,100.0,100.0,54163
2023/03/28,99.5,99.5,98.2,98.2,54727
2023/03/29,97.5,98.9,97.5,98.6,42820
2023/03/30,98.9,99.5,98.9,99.5,33172
2023/03/31,99.6,100.0,99.4,99.4,36201
2023/04/06,99.4,99.4,98.6,99.3,8121
2023/04/07,99.9,102.5,99.0,100.0,132342
2023/04/10,100.0,100.0,99.0,99.0,121530
2023/04/11,100.0,102.5,98.0,99.0,178991
2023/04/12,100.0,100.0,97.9,98.2,167122
2023/04/13,98.2,98.3,95.3,95.3,278897
2023/04/14,95.7,96.5,95.0,95.8,83024
2023/04/17,96.0,98.2,95.9,97.8,55141
2023/04/18,97.9,98.3,96.7,97.0,49193
2023/04/19,97.2,98.6,97.2,97.3,46158
2023/04/20,97.3,97.9,96.4,96.4,45338
2023/04/21,96.4,96.4,93.1,93.6,160877
2023/04/24,94.0,95.2,93.7,93.7,16476
2023/04/25,93.7,94.1,91.4,91.8,50846
2023/04/26,91.8,91.8,90.0,91.2,38141
2023/04/27,91.2,93.6,91.2,92.0,21755
2023/04/28,92.4,93.1,92.3,93.0,15555
2023/05/02,93.8,94.4,93.5,94.4,17228
2023/05/03,94.0,94.0,92.8,92.8,32593
2023/05/04,92.8,93.5,92.8,92.9,23258
2023/05/05,93.0,93.0,91.9,93.0,24583
2023/05/08,93.0,94.2,92.8,94.2,72364
2023/05/09,94.0,94.0,92.8,93.7,32708
2023/05/10,93.7,94.0,93.1,93.7,17179
2023/05/11,93.0,93.0,88.0,88.1,173839
2023/05/12,85.2,86.6,84.1,85.1,203942
2023/05/15,84.6,84.6,82.2,82.7,100120
2023/05/16,83.8,84.0,82.7,83.2,30333
2023/05/17,83.3,84.4,83.3,84.4,23137
2023/05/18,84.4,84.5,83.1,83.2,61896
2023/05/19,83.2,84.0,83.2,83.3,49265
2023/05/22,83.0,83.5,83.0,83.4,41615
2023/05/23,83.3,84.9,83.3,83.8,32020
2023/05/24,83.9,87.0,83.3,84.5,66554
2023/05/25,84.5,84.5,84.1,84.1,12425
2023/05/26,85.0,85.5,83.7,84.2,37900
2023/05/29,84.5,84.7,84.2,84.4,26480
2023/05/30,85.6,85.6,84.5,85.0,41820
2023/05/31,85.0,85.9,85.0,85.8,28392
2023/06/01,85.8,86.3,85.5,86.2,42823
2023/06/02,86.4,88.2,86.3,87.2,44614
2023/06/05,87.5,89.1,87.1,88.8,46754
2023/06/06,89.0,89.0,87.5,87.8,38088
2023/06/07,88.8,88.8,88.1,88.7,36726
2023/06/08,89.0,89.0,88.0,88.5,36309
2023/06/09,89.2,90.3,89.2,89.9,59668
2023/06/12,90.2,90.3,89.5,90.3,30973
2023/06/13,90.3,91.2,90.3,90.6,36663
2023/06/14,90.6,90.9,89.5,89.5,36608
2023/06/15,89.5,90.1,89.3,89.9,24121
2023/06/16,89.4,89.7,88.0,88.3,32055
2023/06/19,88.8,88.9,88.4,88.4,15339
2023/06/20,88.4,88.4,88.0,88.0,29366
2023/06/21,88.5,88.5,88.0,88.1,19013
2023/06/26,89.5,89.8,88.5,88.5,18160
2023/06/27,88.6,88.6,87.0,87.3,37410
2023/06/28,87.5,88.0,87.1,87.1,25050
2023/06/29,87.1,87.9,87.0,87.4,19190
2023/06/30,87.4,88.0,87.3,87.4,31540
2023/07/03,87.7,88.0,87.1,87.3,43448
2023/07/04,87.3,88.0,87.3,87.7,36080
2023/07/05,87.6,89.5,87.6,88.7,40150
2023/07/06,88.8,89.2,88.3,88.4,29950
2023/07/07,88.5,88.8,88.4,88.5,35001
2023/07/10,88.7,89.9,88.7,89.0,31071
2023/07/11,89.0,89.7,88.0,88.2,34898
2023/07/12,88.5,88.5,87.9,88.1,32252
2023/07/13,89.4,89.4,88.0,88.1,25217
2023/07/14,88.1,88.1,86.9,87.1,58308
2023/07/17,87.2,87.2,85.9,86.0,117994
2023/07/18,85.9,85.9,85.0,85.4,80244
2023/07/19,85.2,86.4,85.1,85.7,22857
2023/07/20,86.7,88.6,86.3,87.5,39766
2023/07/21,87.2,87.8,87.1,87.8,10683
2023/07/24,88.3,88.5,87.4,88.0,37734
2023/07/25,96.8,96.8,96.8,96.8,254348
2023/07/26,99.9,99.9,95.0,98.0,620551
2023/07/27,98.5,100.5,97.0,98.4,410241
2023/07/28,88.0,88.8,87.0,87.1,197448
2023/07/31,87.5,87.5,82.9,83.4,206758
2023/08/01,84.1,85.3,82.6,83.2,68418
2023/08/02,83.0,83.0,81.6,82.0,67960
2023/08/04,82.0,83.2,82.0,82.4,26120
2023/08/07,82.4,83.4,82.0,82.5,33752
2023/08/08,82.7,82.7,82.0,82.1,40626
2023/08/09,81.4,81.4,80.7,81.0,36657
2023/08/10,80.5,80.5,78.6,80.1,53302
2023/08/11,80.9,80.9,78.8,80.1,23666
2023/08/14,79.1,79.1,78.6,78.6,14390
2023/08/15,79.5,79.5,77.9,78.7,23248
2023/08/16,78.7,78.7,77.8,78.7,16570
2023/08/17,78.7,80.1,77.5,79.9,27896
2023/08/18,79.9,79.9,78.0,78.7,21532
2023/08/21,78.7,79.0,78.7,79.0,4281
2023/08/22,78.3,78.3,78.2,78.3,4175
2023/08/23,76.5,78.6,76.5,78.2,14891
2023/08/24,77.8,78.5,77.7,78.5,7095
2023/08/25,78.0,79.9,78.0,79.6,11119
2023/08/28,78.8,79.6,78.6,79.0,9053
2023/08/29,79.8,79.9,79.4,79.4,7026
2023/08/30,80.3,80.3,79.5,79.6,10102
2023/08/31,79.0,79.0,78.7,78.7,5256
2023/09/01,78.5,79.4,78.2,79.4,13201
2023/09/04,78.4,78.8,78.4,78.8,2117
2023/09/05,79.0,79.0,78.8,78.8,8200
2023/09/06,78.1,79.3,78.1,78.9,24162
2023/09/07,78.7,79.1,78.5,79.1,16190
2023/09/08,---,---,---, ---,100
2023/09/11,78.00,78.70,77.70,77.70,18336
2023/09/12,78.00,78.00,77.70,78.00,15600
2023/09/13,77.80,79.90,77.70,78.60,17255
2023/09/14,79.20,79.80,79.20,79.80,23844
2023/09/15,79.00,80.60,79.00,80.60,27532
2023/09/18,80.90,82.20,79.80,80.80,31131
2023/09/19,81.00,81.00,79.60,80.00,24047
2023/09/20,79.70,80.30,79.60,80.30,13656
2023/09/21,79.60,80.00,79.10,80.00,37835
2023/09/22,78.50,80.00,78.40,80.00,11539
2023/09/25,79.10,79.40,79.10,79.30,6479
2023/09/26,79.10,79.90,79.00,79.90,10425
2023/09/27,79.10,79.50,79.10,79.20,4226
2023/09/28,79.20,79.20,79.00,79.00,33756
2023/10/02,79.00,79.50,78.70,79.20,9627
2023/10/03,80.10,80.10,78.70,78.90,19409
2023/10/04,78.70,79.60,78.00,78.90,17345
2023/10/05,79.00,79.00,78.90,79.00,4666
2023/10/06,79.00,79.00,77.20,77.90,42949
2023/10/11,77.50,77.50,76.50,77.50,22441
2023/10/12,77.10,77.60,77.10,77.60,5249
2023/10/13,76.60,77.20,76.60,76.80,18459
2023/10/16,76.80,77.20,76.50,76.50,8154
2023/10/17,76.50,76.60,76.50,76.60,6448
2023/10/18,76.10,76.80,76.00,76.80,10629
2023/10/19,75.40,76.00,75.40,75.70,14293
2023/10/20,75.10,75.20,74.60,74.70,20194
2023/10/23,74.50,74.50,74.20,74.50,11404
2023/10/24,76.60,76.60,74.20,74.40,39460
2023/10/25,74.50,74.80,74.50,74.80,18931
2023/10/26,74.50,74.50,74.10,74.10,8640
2023/10/27,74.20,74.20,72.30,73.10,51298
2023/10/30,72.50,72.80,72.30,72.30,17303
2023/10/31,72.20,72.70,70.00,70.00,63974
2023/11/01,70.50,70.50,69.20,70.00,9486
2023/11/02,70.10,70.30,70.00,70.20,15889
2023/11/03,70.90,71.00,70.80,71.00,3221
2023/11/06,71.50,72.00,71.50,72.00,5632
2023/11/07,72.00,72.30,71.80,71.80,9520
2023/11/08,71.30,71.30,71.30,71.30,1011
2023/11/09,71.40,71.50,70.80,70.80,14199
2023/11/10,70.90,71.00,70.50,70.50,29701
2023/11/13,70.50,70.60,70.50,70.60,14779
2023/11/14,70.20,70.20,70.00,70.10,32237
2023/11/15,71.10,71.20,70.20,70.80,50252
2023/11/16,71.60,71.60,71.20,71.50,11435
2023/11/17,71.80,72.00,71.60,72.00,23589
2023/11/20,72.70,77.90,72.70,76.40,84474
2023/11/21,75.30,76.40,75.30,76.20,23359
2023/11/22,76.30,76.80,76.00,76.50,24232
2023/11/23,76.50,76.50,75.40,75.50,34272
2023/11/24,75.50,75.50,74.00,74.60,36298
2023/11/27,74.20,74.20,73.60,74.00,16522
2023/11/28,74.00,74.50,74.00,74.40,11262
2023/11/29,75.00,75.10,74.60,75.00,8226
2023/11/30,75.00,75.00,74.60,75.00,23415
2023/12/01,75.00,75.20,75.00,75.10,16467
2023/12/04,75.20,79.00,75.20,76.70,62690
2023/12/05,76.60,76.60,75.10,76.20,23664
2023/12/06,76.20,76.20,75.40,76.00,14282
2023/12/07,75.50,75.60,75.30,75.60,14049
2023/12/08,75.60,75.70,75.20,75.70,19399
2023/12/11,75.70,76.00,75.10,75.60,15906
2023/12/12,75.60,75.60,75.00,75.00,26060
2023/12/13,75.90,75.90,75.00,75.00,9035
2023/12/14,75.30,75.80,75.10,75.50,20870
2023/12/15,75.20,75.80,75.20,75.20,26677
2023/12/18,75.30,75.50,75.10,75.10,16433
2023/12/19,75.00,75.00,74.40,74.40,8544
2023/12/20,74.40,76.20,74.40,76.00,13145
2023/12/21,75.50,75.90,75.50,75.90,7863
2023/12/22,76.00,76.00,75.50,75.70,14067
2023/12/25,75.80,78.10,75.80,77.40,31741
2023/12/26,78.00,79.20,77.20,77.50,20953
2023/12/27,77.50,77.50,76.00,76.90,26337
2023/12/28,76.00,76.40,75.60,76.00,26053
2023/12/29,75.70,75.70,75.40,75.50,16280
2024/01/02,75.60,77.50,75.50,75.60,35611
2024/01/03,75.50,76.20,75.00,75.10,27729
2024/01/04,75.00,75.80,74.90,74.90,11739
2024/01/05,75.50,75.50,74.60,74.90,22162
2024/01/08,75.00,76.20,74.50,74.50,28559
2024/01/09,74.50,75.40,74.10,74.70,18235
2024/01/10,74.50,74.90,73.90,74.70,16405
2024/01/11,73.30,73.50,72.40,72.60,85484
2024/01/12,72.40,74.70,72.40,72.90,9327
2024/01/15,73.20,73.60,73.00,73.60,20748
2024/01/16,73.70,74.70,73.70,74.60,48851
2024/01/17,72.50,73.00,72.00,72.20,85339
2024/01/18,72.20,72.20,71.60,71.80,37272
2024/01/19,72.50,73.00,71.60,72.00,11289
2024/01/22,72.00,72.00,71.50,71.60,17599
2024/01/23,71.90,71.90,71.20,71.20,11449
2024/01/24,71.60,71.60,71.20,71.50,17194
2024/01/25,71.70,71.90,71.70,71.90,10170
2024/01/26,72.10,72.10,72.10,72.10,1534
2024/01/29,72.00,72.00,71.30,71.40,29500
2024/01/30,72.30,73.00,71.50,72.00,27206
2024/01/31,72.00,72.00,71.50,71.50,16812
2024/02/01,71.30,71.90,71.20,71.90,13157
2024/02/02,71.90,71.90,70.50,70.50,63208
2024/02/05,70.60,70.60,70.00,70.00,53981
2024/02/15,76.50,76.50,74.30,75.80,406750
2024/02/16,76.00,76.50,74.00,74.90,214205
2024/02/19,74.90,75.90,74.60,75.80,93953
2024/02/20,76.30,81.00,76.30,80.40,364405
2024/02/21,79.00,79.10,77.70,77.90,165248
2024/02/22,78.40,80.00,78.30,78.50,123248
2024/02/23,79.00,79.40,77.90,78.00,77460
2024/02/26,78.50,79.30,78.00,79.00,102128
2024/02/27,79.30,79.30,78.20,78.50,77944
2024/02/29,78.50,79.10,78.00,78.10,72829
2024/03/01,76.10,76.90,74.50,76.50,444606
2024/03/04,76.90,76.90,75.20,75.20,154712
2024/03/05,75.00,75.40,74.70,74.70,136188
2024/03/06,74.50,74.50,73.50,73.80,106389
2024/03/07,73.80,74.00,72.10,73.10,146516
2024/03/08,74.50,80.40,74.40,78.30,1000599
2024/03/11,76.10,77.00,75.10,75.80,286586
2024/03/12,75.70,78.80,75.60,78.10,294947
2024/03/13,79.50,84.30,78.90,82.90,961179
2024/03/14,83.70,88.80,81.00,82.90,990637
2024/03/15,82.90,82.90,80.50,81.50,280829
2024/03/18,81.90,82.00,81.10,81.10,140096
2024/03/19,81.10,81.60,79.90,81.10,185339
2024/03/20,81.20,82.50,80.20,81.50,183773
2024/03/21,81.80,84.10,81.80,84.10,358417
2024/03/22,84.20,84.20,82.00,82.00,169831
2024/03/25,82.00,82.50,81.50,82.00,126469
2024/03/26,82.00,83.00,81.20,82.50,136832
2024/03/27,82.20,84.30,82.20,83.40,147933
2024/03/28,83.30,83.60,82.60,82.70,111918
2024/03/29,83.50,83.50,81.30,82.40,115815
2024/04/01,82.20,82.60,81.70,82.50,114601
2024/04/02,83.00,86.50,83.00,86.00,448036
2024/04/03,86.20,92.00,86.20,89.00,847635
2024/04/08,95.20,97.20,94.50,96.00,869292
2024/04/09,96.00,96.00,91.10,91.30,538116
2024/04/10,96.00,98.20,93.30,93.70,813976
2024/04/11,93.80,95.40,92.50,95.00,275332
2024/04/12,95.10,96.80,94.40,96.70,335117
2024/04/15,96.20,99.50,95.80,96.10,554088
2024/04/16,95.70,95.70,90.60,91.10,539872
2024/04/17,92.80,94.60,92.80,94.60,277691
2024/04/18,94.60,97.00,93.50,96.20,221349
2024/04/19,95.00,96.00,91.10,92.60,352229
2024/04/22,93.50,95.60,91.10,91.10,202909
2024/04/23,92.50,94.70,91.80,91.80,152187
2024/04/24,92.60,100.50,92.60,100.50,1228475
2024/04/25,100.00,105.50,98.80,99.00,1586727
2024/04/26,99.10,101.50,97.20,98.10,434580
2024/04/29,98.60,100.00,97.50,98.40,311167
2024/04/30,98.40,98.80,96.60,97.00,249939
2024/05/02,97.00,99.00,96.10,98.70,201705
2024/05/03,99.60,101.00,97.50,100.00,389336
2024/05/06,101.00,102.50,98.70,98.70,229507
2024/05/07,99.90,99.90,96.00,97.00,283717
2024/05/08,97.20,98.20,96.70,97.00,143423
2024/05/09,99.40,100.50,96.60,96.60,278639
2024/05/10,95.90,95.90,91.30,91.80,656993
2024/05/13,90.70,93.60,89.10,93.50,260548
2024/05/14,93.40,95.60,93.00,93.40,203757
2024/05/15,94.00,96.30,93.90,94.80,219658
2024/05/16,96.90,97.80,95.70,95.70,213197
2024/05/17,96.00,96.50,95.10,95.90,101636
2024/05/20,96.80,96.80,95.30,95.50,87094
2024/05/21,95.50,96.20,95.00,95.20,97895
2024/05/22,95.20,95.80,94.60,95.40,96885
2024/05/23,94.80,95.40,91.30,92.50,248830
2024/05/24,91.70,94.80,91.60,93.60,84275
2024/05/27,93.90,95.40,93.90,94.20,77998
2024/05/28,94.20,95.30,94.20,94.60,53731
2024/05/29,95.40,99.00,94.10,99.00,334920
2024/05/30,99.90,108.50,98.10,108.50,1505769
2024/05/31,114.00,116.00,106.50,111.00,2574015
2024/06/03,111.00,112.00,108.50,108.50,467346
2024/06/04,108.50,113.50,106.00,106.00,595634
2024/06/05,106.00,106.50,101.50,102.50,520871
2024/06/06,104.00,109.00,103.00,107.50,488816
2024/06/07,108.50,109.50,103.50,103.50,447154
2024/06/11,103.50,104.50,100.50,102.50,218005
2024/06/12,102.00,104.00,101.50,104.00,160002
2024/06/13,107.00,107.50,103.00,106.00,519690
2024/06/14,107.00,110.50,106.00,109.50,915641
2024/06/17,109.00,109.00,105.00,105.00,428679
2024/06/18,105.50,109.00,104.00,108.00,405897
2024/06/19,107.50,109.00,104.50,104.50,400000
2024/06/20,104.00,106.50,104.00,105.00,223465
2024/06/21,105.00,110.00,104.50,107.50,407240
2024/06/24,108.50,108.50,105.50,106.50,227310
2024/06/25,106.00,106.50,102.00,105.00,251466
2024/06/26,106.00,108.00,105.00,106.00,191947
2024/06/27,107.50,108.50,104.50,105.00,214680
2024/06/28,105.00,106.50,103.50,105.50,336210
2024/07/01,106.00,106.50,105.50,106.00,98062
2024/07/02,107.00,110.50,107.00,108.50,573715
2024/07/03,110.00,119.00,110.00,115.50,3158334
2024/07/04,114.50,116.50,112.00,112.50,1176399
2024/07/05,115.50,121.00,115.00,117.50,1430122
2024/07/08,117.50,118.00,114.00,114.00,460989
2024/07/09,114.00,115.00,107.50,110.50,784915
2024/07/10,110.50,112.00,109.50,111.00,262689
2024/07/11,112.00,113.50,110.00,110.00,260090
2024/07/12,109.50,110.50,108.00,108.00,197904
2024/07/15,108.00,108.00,106.00,106.00,181908
2024/07/16,107.50,109.00,106.00,107.50,160528
2024/07/17,108.50,109.50,106.00,106.50,243321
2024/07/18,105.00,105.00,103.50,104.00,271898
2024/07/19,104.00,104.00,96.90,97.10,940354
2024/07/22,97.10,97.10,93.70,94.30,237762
2024/07/23,94.50,96.50,94.50,96.50,160206
2024/07/26,91.00,91.40,87.70,90.80,184566
2024/07/29,91.50,91.60,88.90,89.40,150562
2024/07/30,88.20,90.90,88.10,90.90,134331
2024/07/31,90.90,92.60,90.60,91.50,77918
2024/08/01,93.00,99.20,93.00,98.50,334117
2024/08/02,98.90,104.00,97.20,101.00,1144494
2024/08/05,98.50,103.00,95.10,96.10,1744564
2024/08/06,100.50,102.00,90.10,93.30,1079228
2024/08/07,94.00,101.00,93.70,99.10,749336
2024/08/08,98.10,99.90,97.40,97.40,369814
2024/08/09,99.80,101.50,98.80,99.90,531225
2024/08/12,100.50,101.50,98.80,100.00,320883
2024/08/13,100.50,100.50,98.50,100.00,233564
2024/08/14,101.00,101.50,99.30,101.00,326973
2024/08/15,102.00,107.50,101.50,101.50,917311
2024/08/16,104.00,107.50,103.00,107.00,982974
2024/08/19,110.00,110.00,104.50,105.50,518682
2024/08/20,107.00,108.00,105.00,106.00,265942
2024/08/21,107.00,109.50,105.50,107.50,458657
2024/08/22,109.50,110.00,108.00,109.50,343049
2024/08/23,108.50,110.00,106.00,110.00,332703
2024/08/26,110.00,111.50,108.00,108.50,251807
2024/08/27,108.50,109.50,107.50,108.00,171368
2024/08/28,109.00,112.50,109.00,110.50,610926
2024/08/29,110.50,114.00,109.00,113.00,330304
2024/08/30,114.50,116.00,113.00,115.50,486074
2024/09/02,116.00,116.00,113.50,114.00,222197
2024/09/03,115.00,115.50,113.50,114.00,198709
2024/09/04,109.00,115.00,107.50,112.00,601797
2024/09/05,112.50,113.50,110.00,110.50,213791
2024/09/06,110.50,112.50,109.50,112.00,123121
2024/09/09,110.00,113.50,109.50,113.50,353229
2024/09/10,113.50,113.50,103.00,105.00,1284855
2024/09/11,105.50,105.50,100.50,101.00,392702
2024/09/12,103.00,104.50,101.50,103.00,257220
2024/09/13,102.50,104.00,102.00,102.00,184756
2024/09/16,102.50,105.50,102.00,104.00,233877
2024/09/18,104.00,104.00,98.80,99.10,384432
2024/09/19,99.10,101.00,98.70,101.00,439275
2024/09/20,102.00,102.00,99.60,99.60,223305
2024/09/23,100.50,101.50,99.70,100.50,177333
2024/09/24,100.50,101.50,99.80,101.00,126618
2024/09/25,102.00,103.50,102.00,102.50,213014
2024/09/26,103.50,104.00,101.50,101.50,285838
2024/09/27,102.50,104.00,102.50,103.00,190639
2024/09/30,102.50,104.50,102.00,103.50,187225
2024/10/01,103.50,103.50,102.50,103.50,93820
2024/10/04,103.50,105.50,102.00,104.50,278553
2024/10/07,105.00,107.00,104.50,104.50,290607
2024/10/08,104.00,104.00,103.00,104.00,81212
2024/10/09,104.00,104.50,102.00,102.50,135226
2024/10/11,102.00,102.00,98.50,98.90,432568
2024/10/14,99.00,99.00,97.90,98.70,158476
2024/10/15,99.00,99.70,98.30,98.50,125045
2024/10/16,98.50,100.50,98.30,98.80,181457
2024/10/17,99.00,99.40,98.60,99.00,54797
2024/10/18,99.00,99.00,97.70,97.70,128319
2024/10/21,97.70,98.50,97.00,97.90,120719
2024/10/22,97.70,98.00,97.50,98.00,62893
2024/10/23,97.80,99.70,97.80,99.70,157567
2024/10/24,99.10,99.10,97.00,97.20,191984
2024/10/25,97.50,99.00,97.40,98.30,56514
2024/10/28,98.50,98.50,95.50,96.20,143894
2024/10/29,96.00,96.00,93.40,93.40,166804
2024/10/30,94.00,97.80,94.00,95.40,135019
2024/11/01,96.00,96.70,95.10,95.50,112617
2024/11/04,95.50,95.50,93.40,93.40,93507
2024/11/05,94.10,95.00,94.00,94.10,48864
2024/11/06,95.60,96.60,94.00,94.60,156260
2024/11/07,95.20,97.60,95.20,97.20,218061
2024/11/08,97.20,97.90,94.30,94.50,196241
2024/11/11,95.70,99.50,95.50,97.70,432924
2024/11/12,98.60,98.60,94.80,95.20,240490
2024/11/13,94.80,96.20,94.30,95.50,70679
2024/11/14,95.50,95.80,94.00,94.40,95285
2024/11/15,95.50,95.60,93.90,94.40,107680
2024/11/18,93.90,93.90,91.10,91.10,266223
2024/11/19,92.40,92.80,91.30,92.00,105269
2024/11/20,92.00,92.20,91.80,91.80,54938
2024/11/21,92.40,92.60,91.40,92.30,39116
2024/11/22,92.40,94.00,92.40,93.80,65951
2024/11/25,93.40,94.40,93.40,93.90,31716
2024/11/26,93.80,94.50,92.60,93.60,51667
2024/11/27,93.40,93.40,91.20,91.20,82436
2024/11/28,91.00,91.00,88.70,89.30,146065
2024/11/29,89.20,91.10,88.80,90.50,36293
2024/12/02,90.50,91.80,90.00,90.30,110095
2024/12/03,90.80,91.90,90.70,91.00,72612
2024/12/04,91.40,93.00,91.30,92.50,76629
2024/12/05,92.50,92.60,91.80,91.90,68054
2024/12/06,91.90,92.50,91.70,91.70,56891
2024/12/09,91.70,92.30,91.10,91.40,66548
2024/12/10,94.30,94.30,92.00,93.30,212146
2024/12/11,92.30,93.40,91.80,91.80,78067
2024/12/12,92.00,93.80,91.90,93.30,99752
2024/12/13,93.30,93.30,91.90,93.10,56567
2024/12/16,92.00,92.50,90.20,90.80,63238
2024/12/17,90.80,91.40,90.80,91.00,25489
2024/12/18,91.10,91.40,90.30,90.90,23516
2024/12/19,90.20,90.70,89.00,90.70,102807
2024/12/20,90.70,92.70,90.70,92.60,89104
2024/12/23,93.90,93.90,91.70,92.10,169801
2024/12/24,92.80,93.90,92.60,93.10,120664
2024/12/25,93.20,93.20,91.80,92.40,62160
2024/12/26,92.40,94.10,92.40,93.80,115433
2024/12/27,93.80,94.00,92.20,92.60,83887
2024/12/30,92.30,92.90,90.20,90.90,63789
2024/12/31,90.70,91.20,90.40,91.00,51212
2025/01/02,91.00,92.50,90.50,91.40,88537
2025/01/03,91.60,92.00,90.40,90.50,107865
2025/01/06,91.70,91.70,90.70,91.00,34432
2025/01/07,90.90,91.90,90.30,90.40,78760
2025/01/08,91.00,92.00,90.70,91.80,53133
2025/01/09,91.30,91.50,88.00,88.00,237952
2025/01/10,88.20,91.00,88.20,89.50,74942
2025/01/13,89.00,89.80,86.00,86.80,143634
2025/01/14,87.00,88.50,87.00,88.50,80839
2025/01/15,88.10,88.10,87.70,88.00,12055
2025/01/16,89.00,89.00,88.50,89.00,33854
2025/01/17,88.50,88.60,87.50,88.10,23647
2025/01/20,88.80,89.00,88.20,88.70,18322
2025/01/21,89.40,89.60,88.50,88.90,20373
2025/01/22,89.30,91.60,88.80,91.40,82060
2025/02/03,90.50,90.50,88.30,89.10,114703
2025/02/04,90.00,94.20,88.80,93.60,279501
2025/02/05,94.00,98.60,93.80,97.70,818793
2025/02/06,98.70,98.70,96.20,96.80,259488
2025/02/07,96.80,99.20,95.90,98.80,302182
2025/02/10,98.20,102.50,98.20,99.90,778216
2025/02/11,99.90,100.50,97.90,98.10,410323
2025/02/12,98.30,99.60,97.70,97.70,223658
2025/02/13,97.80,98.40,96.60,97.70,222023
2025/02/14,98.10,99.30,97.00,97.70,190115
2025/02/17,97.70,99.30,97.70,98.40,171643
2025/02/18,98.80,100.50,98.40,100.50,260269
2025/02/19,101.00,104.00,100.00,103.50,675806
2025/02/20,104.50,107.50,104.00,106.50,1127887
2025/02/21,107.00,107.00,104.00,106.00,297232
2025/02/24,105.00,106.00,104.00,105.00,208520
2025/02/25,105.00,105.00,102.00,103.50,334308
2025/02/26,102.50,104.50,102.50,104.50,257233
2025/02/27,104.50,106.50,101.00,101.00,491925
2025/03/03,100.00,101.50,99.40,100.50,259590
2025/03/04,99.70,103.00,98.60,101.50,320743
2025/03/05,102.00,104.50,101.50,104.50,288626
2025/03/06,106.00,106.00,103.00,103.00,867852
2025/03/07,102.50,107.00,102.50,105.00,800985
2025/03/10,106.50,110.00,105.00,108.00,1140674
2025/03/11,106.50,107.50,105.50,106.50,477173
2025/03/12,107.00,108.50,105.50,106.00,358444
2025/03/13,107.50,107.50,103.50,104.50,603666
2025/03/14,106.50,110.00,104.50,106.50,1826690
2025/03/17,108.50,109.00,106.00,106.50,738718
2025/03/18,107.50,114.00,107.00,111.50,4052092
2025/03/19,113.00,113.50,110.00,110.00,1653231
2025/03/20,111.00,112.50,110.50,111.00,721504
2025/03/21,111.00,111.50,104.00,105.00,1760064
2025/03/24,104.00,105.00,102.50,102.50,572498
2025/03/25,103.00,103.50,102.00,102.50,433551
2025/03/26,103.50,104.00,102.50,104.00,198174
2025/03/27,103.00,103.00,101.00,102.00,283847
2025/03/28,101.50,102.00,99.50,102.00,683719
2025/03/31,100.00,100.50,98.00,98.40,507068
2025/04/01,98.90,99.60,98.80,99.30,229317
2025/04/02,99.80,100.00,98.50,99.90,200999
2025/04/07,90.00,90.00,90.00,90.00,26084
2025/04/08,81.10,83.60,81.00,82.10,952555
2025/04/09,81.50,82.00,73.90,74.20,1121093
2025/04/10,81.60,81.60,81.60,81.60,52872
2025/04/11,81.60,88.30,78.90,87.80,681614
2025/04/14,88.50,90.80,88.20,89.50,724858
2025/04/15,90.00,94.10,89.70,93.90,483170
2025/04/16,92.10,94.00,90.70,90.70,248201
2025/04/17,93.70,97.40,92.10,95.40,676219
2025/04/18,94.60,97.20,94.30,96.00,237575
2025/04/21,96.00,96.00,92.50,92.50,201228
2025/04/22,91.00,93.00,90.70,90.90,175440
2025/04/23,93.90,95.80,93.60,94.50,249617
2025/04/24,94.70,95.30,94.50,94.60,129318
2025/04/25,96.90,97.00,95.10,95.20,162576
2025/04/28,95.70,97.50,95.70,96.60,236086
2025/04/29,96.40,98.00,96.40,97.40,164025
2025/04/30,97.40,98.20,96.20,96.20,173999
2025/05/02,97.70,98.60,97.00,98.20,243246
2025/05/05,100.00,100.00,93.70,95.90,434650
2025/05/06,98.50,99.00,95.20,97.20,313383
2025/05/07,97.70,97.90,96.00,96.30,165142
2025/05/08,97.00,99.30,97.00,98.40,415502
2025/05/09,99.60,103.50,99.60,101.00,624258
2025/05/12,100.50,100.50,99.10,99.90,439710
2025/05/13,102.00,102.00,99.20,99.90,354355
2025/05/14,100.50,102.00,100.50,101.50,258068
2025/05/15,102.00,103.50,101.50,103.00,378113
2025/05/16,104.00,105.50,103.00,103.00,456875
2025/05/19,102.50,102.50,99.80,99.80,246155
2025/05/20,100.50,100.50,99.00,99.00,230871
2025/05/21,99.00,100.50,99.00,100.00,150496
2025/05/22,99.00,100.00,99.00,100.00,151678
2025/05/23,100.00,101.50,100.00,100.50,161243
2025/05/25,100.00,101.50,100.00,100.50,161243
2025/05/26,100.00,101.50,100.00,100.50,161243
2025/05/27,100.50,100.50,99.00,99.10,192166
2025/05/28,99.10,99.70,98.60,98.70,119624
2025/05/29,99.40,100.50,98.30,98.50,247310
2025/05/31,99.90,99.90,98.20,98.50,103535
2025/06/02,99.90,99.90,98.20,98.50,103535
2025/06/03,98.50,98.50,96.50,96.50,166468
2025/06/04,97.80,97.80,96.80,96.80,43847
2025/06/05,98.30,99.10,97.60,98.00,144626
2025/06/06,98.30,99.00,98.00,98.50,90573
2025/06/10,98.30,98.50,97.60,97.90,91803
